"HDI Rank","Country","GDI_value","HDI_f","HDI_m","Life_expectancy_at_birth_f","Life_Expectancy_at_birth_m","Expected_years_of_schooling_f","Expected_years_of_schooling_m","Mean_years_of_schooling_f","Mean_years_of_schooling_m","2017_Estimated _gross _ national_income_per_capita_f","2017_Estimated _gross _ national_income_per_capita_m"
1,"Norway",0.9899386579617451,0.94895635201451,0.9586011662261813,84.377,80.447,18.75945,17.41359,12.977,12.81661,58548.43907513327,74279.89501600877
2,"Ireland",0.9810242976135434,0.9430427884882875,0.9612838242460963,83.909,80.667,18.79073,18.62423,12.89739912,12.42200863,55540.14540196465,81400.50775398177
2,"Switzerland",0.9675128179073542,0.9338774340881767,0.9652352059873192,85.596,81.874,16.23563,16.41916,12.6696,13.5584,57840.35006751253,81136.60858556404
4,"Hong Kong, Chi  (SAR)",0.9723231390489695,0.9328290182028115,0.9593816918881646,87.747,81.971,17.14543,16.75865,11.90943,12.74265,45960.59933658365,82992.88075474797
4,"Iceland",0.9686740369265662,0.9331675072234334,0.9633452241418705,84.485,81.502,20.16457,18.03625,12.56192757,12.9836233,46413.01058689646,62882.62458537777
6,"Germany",0.9718804772078216,0.9327163495784005,0.9597027324368752,83.728,78.944,16.91137,17.03992,13.88232,14.43136,45277.165277536296,65599.45133535868
7,"Sweden",0.9826442554677156,0.9364274045697064,0.9529668538325591,84.56,81.029,20.41199,18.58575,12.69396,12.39988,47708.533866443126,61287.048819561256
8,"Australia",0.9762035605125557,0.9318109561617719,0.9545252587201428,85.403,81.492,22.43083,21.48273,12.79604116,12.65123522,39286.57417328427,56953.61353311733
8,"Netherlands",0.965586666219649,0.9264806845968288,0.9595002882797425,83.952,80.592,18.79391,18.18601,12.16944,12.66969,46815.15237759871,68685.268775261
10,"Denmark",0.9825656024202176,0.9310091587903512,0.9475287517669307,82.865,78.946,19.55325,18.25409,12.83248399,12.39449532,49296.29514256886,68133.62253042427
11,"Finland",0.9899190976379478,0.9324888493432365,0.9419849072194425,84.718,79.091,20.20295,18.62983,12.99106,12.64766,40758.7551517039,56485.02918287682
11,"Singapore",0.9852372575048299,0.9308035314585691,0.9447506419071916,85.728,81.526,16.65767,16.28347,11.17682,12.1125,71387.27614451066,103421.3856924149
13,"United Kingdom",0.9699238256280696,0.9159521804260728,0.944354758821346,82.999,79.613,17.98136,17.01851,13.24347,13.24225,33322.8166645938,59134.68614066317
14,"Belgium",0.9738078064627926,0.9179405118829523,0.9426300608712825,83.882,79.32,20.72962,18.83843,11.93601,12.17293,41948.318533633,62427.38621331777
14,"New Zealand",0.9642864080198679,0.9118545920901724,0.9456263040797572,83.981,80.571,19.74466,17.91784,12.71496574,12.85611319,31232.963310135274,50692.96028665708
16,"Ca da",0.9855929026542676,0.9215525045584151,0.935023478838588,84.391,80.447,16.66986,15.66355,13.41614,13.31281,39459.204895532974,57733.57500352735
17,"United States",0.993544801844942,0.9217149522350425,0.9277034619108101,81.405,76.341,16.92108,15.71635,13.46054,13.36257,50590.342929277016,77338.34193711884
18,"Austria",0.963932404178508,0.9027274536729487,0.9365049351590997,83.866,79.169,16.38729,15.81279,12.23973506,12.87223858,39385.87800432889,73527.75414800868
19,"Israel",0.9733183592157605,0.904138952277615,0.9289241733877434,84.505,81.331,16.76587,15.58872,13.05982,13.02647,29665.372638662826,50819.35830616068
19,"Japan",0.9775654704353921,0.9057559686513178,0.926542514076227,87.669,81.497,15.18894,15.2722,13.062,12.638,30583.929660183538,55869.37695070036
19,"Liechtenstein",,,,,,13.75457,16.02539,,,,
22,"Slovenia",1.0014085210641908,0.9156499719077447,0.914362073666688,84.04,78.575,18.33965,16.8492,12.64336,12.67688,33885.02068794801,42311.69187776402
23,"Korea (Republic of)",0.9361131436640374,0.8805218558850386,0.9406147770114528,85.954,79.935,15.91375,16.97458,11.4283,12.87406,27734.215949119614,58309.27944080957
23,"Luxembourg",0.9759421347047924,0.9007376125553426,0.9229416176685536,84.346,80.157,14.31781,14.1982,11.99978,12.63556,58642.06280804499,86487.78224203957
25,"Spain",0.9858652738011706,0.896326715634599,0.9091776933968466,86.248,80.826,18.01731,17.22631,10.16173,10.34807,32880.97702057912,49355.52706476317
26,"France",0.987152994137522,0.8949895448103902,0.9066371171698109,85.486,79.716,15.97014,15.31928,11.26852,11.71352,39477.530000538514,55375.44630588238
27,"Czechia",0.9854316655027545,0.8925294838935959,0.9057243796181838,81.944,76.76,17.52742,16.07821,12.54734683,12.90645352,29480.47924220943,47012.12446856166
28,"Malta",0.965690318755337,0.8773965289810337,0.9085692503492179,84.263,80.699,16.54657,15.69361,11.05503,11.59871,29367.740809772848,49686.441085377046
29,"Estonia",1.016865658667438,0.8963960057980453,0.8815284478902912,82.711,74.358,16.79529,15.22564,13.57210536,12.68028577,27086.33018871619,45984.267147747014
29,"Italy",0.967767104697158,0.8753458332463552,0.9045005032696125,85.539,81.325,16.41448,15.78341,10.17920413,10.59922043,31638.919311589943,54529.25129868711
31,"United Arab Emirates",0.9306258727041725,0.8424034774782221,0.9052010073934463,79.314,77.291,14.81044081,14.11443511,11.6769,12.42786,28577.657802941496,84722.52253829598
32,"Greece",0.963041817949673,0.8688047753430154,0.9021464687719487,84.672,79.803,17.451,18.071,10.2908,10.7884,24061.739303709426,36475.589288256844
33,"Cyprus",0.9790503054886733,0.8764220739241164,0.8951757320443998,83.032,78.921,15.39407,14.94421,12.07645,12.26718,31880.869915379466,44532.59995158062
34,"Lithuania",1.0299156308783952,0.8941914162315672,0.868218123332033,81.371,70.294,17.07771,16.21226,13.10024,13.048,30987.27641913539,41389.08703570246
35,"Poland",1.0071102297898131,0.8801142643742882,0.8739006300809501,82.587,74.814,16.8762,15.32266,12.49645,12.44323,24826.791732612437,38850.140798084045
36,"Andorra",,,,,,,,10.43894,10.56401,,
37,"Latvia",1.035955000686093,0.8792878734840571,0.8487703354892074,80.012,70.233,16.84802,15.5158,13.44749688,12.55110471,25757.886473601397,35584.27549062458
38,"Portugal",0.9883174104291926,0.8582876104996814,0.8684331586620094,84.853,79.032,16.47511,16.59802,9.36642,9.14325,28937.20115733325,39571.33834895912
39,"Slovakia",0.9918148051098387,0.8550288152802001,0.8620851502468849,80.96,74.02,14.99228,14.00465,12.57560517,12.75176026,24617.901411793257,40014.435239373066
40,"Hungary",0.9807894581244346,0.8442751144582097,0.8608117751109585,80.289,73.244,15.52508,14.89364,11.74955,12.21046,23170.165248187714,40316.33240913051
40,"Saudi Arabia",0.8960899029569535,0.791461274258187,0.8832386925089674,76.759,73.935,16.01491,16.23254,9.75244,10.522,16511.711975393875,70180.9119858063
42,"Bahrain",0.9217169324821973,0.805511835617748,0.87392539643217,78.423,76.436,16.6709,16.09411,9.08769,9.72027,19059.247863402634,55564.603111811884
43,"Chile",0.9627589312244506,0.8325276348416307,0.8647311469578477,82.442,77.771,16.67013,16.23049,10.47589,10.7104,16397.96495008529,30321.884984345852
43,"Croatia",0.9900189694790634,0.8484817587070592,0.8570358597810712,81.59,75.296,15.95024,14.53507,11.09893,12.17293,23775.240506791688,32688.748476732333
45,"Qatar",1.0296748037406314,0.8659822850362833,0.8410250322629229,82.01,79.142,14.09975,11.34201,11.28132,9.36681,45338.14106792162,107833.0288902143
46,"Argenti ",0.9934519494449829,0.8348963927461835,0.8403993703093738,79.995,73.242,18.90873,16.43111,11.12250031,10.72909751,14872.167052348404,27825.756947878974
47,"Brunei Darussalam",0.9807064034458567,0.829894797751232,0.8462214530620725,77.106,74.728,14.78208,13.88855,9.134,9.166,54385.93399673991,72834.57072538676
48,"Montenegro",0.9661920538769245,0.8142015728441213,0.8426912326354487,79.303,74.441,15.37342,14.6553,10.93444252,12.29348194,17517.90711762671,25367.787479649596
49,"Romania",0.9913810337527182,0.8237000206149322,0.8308611851257072,79.525,72.609,14.69678,13.85499,10.76149,11.40741,24432.831136255216,34845.53965639217
50,"Palau",,,,,,16.29732914,15.29607806,,,,
51,"Kazakhstan",0.9802664241755157,0.8070648346015826,0.8233117188323472,77.669,69.23,15.7794,15.11553,10.85906734,11.92241205,16791.133203029807,29295.812776564162
52,"Russian Federation",1.0066508971738939,0.8229071431790637,0.8174702327185336,77.785,67.148,15.25936,14.80511,11.9142,12.0751,19693.99509009639,33639.838342489034
53,"Belarus",1.0066083723479982,0.8239285471938109,0.8185194657897874,79.572,69.652,15.66329,15.15881,12.2265,12.3852,14911.384022744807,22720.738736564595
54,"Turkey",0.9239286215250176,0.7835054024993082,0.8480150784874163,80.563,74.724,16.01757436,17.06999044,7.27688,8.95451,17853.9719729508,37806.62920026884
55,"Uruguay",1.0161750582009685,0.8142671443145796,0.801305973555535,81.478,74.119,17.1074,15.1415,9.19095,8.62677,15444.871229974346,25008.270904278383
56,"Bulgaria",0.9946854591719437,0.8130032114518209,0.8173470356434387,78.665,71.55,14.64193,14.20139,11.46954,11.23978,18453.147437628228,28482.73511572628
57,"Pa ma",1.0190276248713592,0.8260859559955009,0.810661002541305,81.756,75.421,13.46866,12.35793,11.176,9.966,24049.6835810293,35049.00300494913
58,"Bahamas",,,,76.081,71.659,,,11.6894,11.3766,27560.00169327545,40294.93824031322
58,"Barbados",1.008056712575181,0.8157027221264797,0.8091833643393793,80.482,77.814,16.8022377,13.98353575,10.9608034,10.335477,12655.9004537177,17370.23162955362
60,"Oman",0.9356256026877761,0.7682962791017042,0.8211578187841545,80.343,76.127,14.97261,13.70651,10.6469,9.3706,7959.235462523995,35201.07908152768
61,"Georgia",0.9795443902116027,0.8000559453284734,0.816763337448795,78.14,69.349,15.53048,15.04899,13.16372,13.09626,9475.46215876198,19863.700141291753
62,"Costa Rica",0.9812972413684269,0.8024452594025011,0.8177392390133338,82.893,77.739,16.40506,15.41735,8.85332,8.61567,13476.279037618453,23501.39534512869
62,"Malaysia",0.9717958908380916,0.797492387438931,0.8206377439517278,78.317,74.234,14.03851,13.33979,10.27343,10.47029,20824.622581911368,33877.30486654911
64,"Kuwait",0.9832069529957371,0.7930800996271221,0.8066258046799641,76.58,74.76,15.24291,13.24873,7.9741,6.83248,31697.753687751327,75839.6455778024
64,"Serbia",0.9771722781563892,0.7965022233070886,0.8151093119524768,78.617,73.407,15.27885,14.22612,10.79403,11.6315,13989.976276170857,20525.48347320908
66,"Mauritius",0.975621068053823,0.7908049515118885,0.810565676989113,78.458,71.652,15.71515,14.41561,9.42,9.67,15870.125753671531,34898.00544968996
67,"Seychelles",,,,77.382,69.901,15.33334,13.07452,9.924249785,10.07079123,,
67,"Trinidad and Tobago",1.0033719336064926,0.795913611205784,0.7932388624275885,76.224,70.874,13.9531,11.9669,11.136,10.942,20482.157144615485,32121.15637173099
69,"Albania",0.9668253716934854,0.780396712670255,0.807174424170641,80.201,77.002,15.50103,13.95683,9.701855484,10.61449619,11004.45479585217,16884.667132163697
70,"Cuba",0.9439679891565752,0.7543093231752056,0.7990835831723198,80.779,76.84,14.70576,13.87923,11.24459671,11.79881455,5714.231459579432,11567.291143913779
70,"Iran (Islamic Republic of)",0.8655538720919798,0.7093174308169157,0.8194954163887544,77.885,75.593,14.5749,15.04388,10.27779,10.40977,4083.6031816690056,20636.86061401429
72,"Sri Lanka",0.9553278454664627,0.7588926078050203,0.7943792399712499,80.261,73.596,14.46011,13.7606,10.62112,10.64824,7433.100497864907,18423.277260030936
73,"Bosnia and Herzegovi ",0.937114942029348,0.7525972148013214,0.8031002186045092,79.857,74.893,14.07886364,13.52113636,8.85433,10.85816,10566.53285490034,19356.56489262266
74,"Gre da",,,,74.953,70.073,16.9871,16.2318,,,,
74,"Mexico",0.9600814333911668,0.7602351443558286,0.7918444393519329,77.879,72.203,15.04027,14.576,8.5876,8.94763,12765.005747243185,25838.402582617924
74,"Saint Kitts and Nevis",,,,,,14.00415246,13.68650754,,,,
74,"Ukraine",1.0001863886739462,0.7762094486803529,0.7760647989915725,76.848,67.097,15.28740069,14.8602934,11.336,11.3481,10088.442157896905,16839.98438718282
78,"Antigua and Barbuda",,,,78.104,75.858,13.204,12.13972042,,,,
79,"Peru",0.9570929121632723,0.7590668691866898,0.7930963227708023,79.507,74.06,14.89292,15.08838,9.14771,10.25826,9888.947352494482,14646.969745844366
79,"Thailand",1.007921417554255,0.7823867014895793,0.7762377977720317,80.9,73.46,15.80542,14.6679845,7.70752,8.19174,15924.394224733986,19737.434679276448
81,"Armenia",0.9820915997742171,0.7661304804028459,0.7801008384339906,78.516,71.327,13.60293,12.5846,11.29839,11.30585,9737.422415077495,18574.00571903685
82,"North Macedonia",0.9520718901753507,0.7528507162081073,0.7907498624599123,77.846,73.794,13.78974,13.39142,9.408585467,10.23517865,11698.138832190134,20026.517663013867
83,"Colombia",0.9894660299868661,0.7614492267884626,0.7695557034924887,80.019,74.528,14.66854,14.13764,8.6229,8.30178,11593.68143551798,17018.047434679687
84,"Brazil",0.9934769514540002,0.7599627389402953,0.7649525616352288,79.555,72.243,15.76622,15.06124,8.18457,7.74927,10534.707566159721,18119.943763575215
85,"Chi ",0.9574993481466189,0.7436192813041433,0.7766264099746157,79.244,74.761,13.95885526,14.00972474,7.7,8.39,12632.668939692283,19307.704939027717
86,"Ecuador",0.967367575789958,0.7429286659734187,0.7679900428404774,79.838,74.282,14.89502544,14.30661012,8.731764724,8.854201765,7874.348971924653,14210.94743886486
86,"Saint Lucia",0.9854529148532554,0.7521085854773343,0.7632110820731921,77.58,74.851,14.69305,13.30756,8.779392625,8.210941795,11475.907006458692,17851.24894544497
88,"Azerbaijan",0.9427321413710316,0.7296549712857238,0.7739790967820127,75.455,70.511,13.00958606,12.79102352,10.24592,10.93251,8919.23823824371,18663.688196437346
88,"Dominican Republic",0.9987924735511202,0.7591699385738584,0.760087764653147,77.381,70.991,14.98607,13.45607,8.845290486,8.315284627,12448.859606737169,22739.557968219207
90,"Moldova (Republic of)",1.013708538762285,0.7544443897258262,0.7442419205099974,76.157,67.624,11.77517,11.30316,11.76912,11.63766,11994.41735934833,15477.12762076822
91,"Algeria",0.8583254728464075,0.6711642685049611,0.7819461145423354,78.133,75.676,14.8472673,14.36133628,7.699,8.274,3295.5479501103446,18890.709828867828
92,"Lebanon",0.8921468975490517,0.6907951375619129,0.774306495331316,80.869,77.14,11.11914,11.4526,8.4842,8.9158,6078.497812541329,23124.196533914244
93,"Fiji",,,,69.331,65.698,,,10.99611,10.80757,8316.974848913595,17576.69980826722
94,"Dominica",,,,,,,,,,,
95,"Maldives",0.9231997515773089,0.6982371757586027,0.7563229675545814,80.779,77.523,12.2759011,12.12408078,7.023352,7.016279,7907.654480540093,22931.118563623273
95,"Tunisia",0.9001292969125834,0.6893713442641072,0.7658581346353578,78.721,74.688,15.8231,14.28112,6.47663,7.99608,4586.806228989247,16340.580692873471
97,"Saint Vincent and the Gre dines",0.9654676872410736,0.7236320707548527,0.7495145413128307,75.131,70.289,14.230593,13.957487,8.857663479,8.713512817,8879.661079458721,15775.814981423386
97,"Suri me",0.9852291416227549,0.7288378487734576,0.7397648100146537,75.063,68.468,13.79321,12.48327536,9.383710761,9.121048275,9503.860220435196,19092.98740027853
99,"Mongolia",1.0230891704780272,0.7438566387771857,0.727069213751551,74.142,65.799,14.7541,13.659,10.71041403,9.728477282,8755.744651329342,12980.952951611716
100,"Botswa ",0.9977298932351841,0.7335801908968022,0.7352492852731267,72.386,66.485,12.99222625,12.70677375,9.486903274,9.652469624,15276.173529082012,17676.754090900926
101,"Jamaica",0.9943386569289407,0.7304844615216809,0.7346435305832468,76.118,72.868,13.9024646,12.379,10.15051042,9.289158696,7500.82097490657,11163.326099031103
102,"Jordan",0.8748292952354352,0.6635184666549147,0.7584547868579866,76.306,72.839,11.63216428,11.12515586,10.31,10.726,3323.6458286672537,16233.916224885066
103,"Paraguay",0.9662831980940481,0.7136635747196335,0.7385656463108373,76.396,72.263,13.048451,12.37,8.543956838,8.525926993,8855.067287314187,15482.611982347882
104,"Tonga",0.9497805673044346,0.701607207960369,0.7387045304070554,72.887,68.967,14.6231,13.97933935,11.324,11.16,4310.573897898187,8415.635724896758
105,"Libya",0.9761731259582465,0.7132516613763122,0.730661029698148,75.951,70.097,13.06487113,12.64368887,8.47,7.214,9249.284149447896,21998.629838117628
106,"Uzbekistan",0.9389877322559974,0.6949635096168721,0.7401199033209556,73.829,69.592,11.86788,12.24139,11.61857,12.00164,5063.99994786998,9230.200748550636
107,"Bolivia (Pluri tio l State of)",0.9449452819804474,0.6964340566609594,0.7370099305658736,74.508,68.684,14.1661139,14.2338861,8.2941,9.785,6481.03211533227,10609.995363043574
107,"Indonesia",0.9403575936633956,0.6936392619223558,0.7376334987843428,73.967,69.572,13.67324,13.54619,7.76235,8.57777,7901.742095411285,14966.487489838935
107,"Philippines",1.0069199775633197,0.7197416002012795,0.7147952332249947,75.505,67.263,13.49941,12.81631,9.5668,9.2162,7843.035175906852,11694.19793233328
110,"Belize",0.97630942840557,0.7057622577314169,0.7228878849239538,77.843,71.65,13.37546,12.84743,9.927629533,9.915711349,4896.199684514421,7880.67368720379
111,"Samoa",,,,75.464,71.324,13.17706965,12.28233035,,,4054.375439512938,8410.108811819315
111,"Turkmenistan",,,,71.717,64.705,10.91083,11.46204332,,,10493.486391067427,19460.758224835412
113,"Venezuela (Bolivarian Republic of)",1.0092220719889584,0.7123502768805153,0.7058409607279268,76.004,68.327,13.81196,11.8202,10.5925,10.01145,5172.527635517804,8973.448969090157
114,"South Africa",0.9863821495061937,0.7020923195480617,0.7117853054209727,67.679,60.726,14.17628,13.41081,10.03064,10.29088,9247.750648454106,15094.546275607783
115,"Palestine, State of",0.8699879491334531,0.6379549971194095,0.7332917631271113,75.755,72.416,14.28559,12.56511,8.94876,9.37827,2045.1864242267202,10666.235250464473
116,"Egypt",0.8823332278842357,0.652050925257035,0.7390075593328846,74.35,69.742,13.31444,13.33763,6.78,8.082,4752.9076273667615,18039.470400234823
117,"Marshall Islands",,,,,,,,10.71154,11.06208,,
117,"Viet  m",0.9974276248111201,0.7030678518234439,0.7048810704000521,79.523,71.301,12.876677,12.51,8.018,8.632,6644.2948641633075,8223.728768364808
119,"Gabon",0.9158481824351299,0.6696274350522377,0.7311554992354509,68.669,64.382,12.59342306,13.36119694,7.766,9.638,9924.830357682513,17790.664004526803
120,"Kyrgyzstan",0.9572854580584064,0.676553939984235,0.7067421052822017,75.603,67.437,13.21047,12.73308,11.18735489,11.01766576,2971.455184012107,6797.909177882883
121,"Morocco",0.8346114320282836,0.6121883175012319,0.7335009970010642,77.895,75.423,13.28992,14.1454,4.684,6.638,2974.8406331816655,11831.241566373561
122,"Guya ",0.9611117542052663,0.6615854206778344,0.6883543123711902,73.095,66.927,11.59386,11.2684,8.8962,7.9727,5358.5353652353315,13512.254667094263
123,"Iraq",0.7744031901700815,0.5658051454480564,0.730633799847582,72.652,68.565,10.35037277,12.18962723,5.9939,8.6381,2426.974324870281,18975.23144750912
124,"El Salvador",0.974571097002244,0.661864808292401,0.6791344524050424,77.842,68.455,11.51648,11.69118,6.6217,7.308234352,6471.330381380315,10500.933724028118
125,"Tajikistan",0.8232389133060175,0.5861308427228551,0.7119814591477849,73.389,68.935,10.72996904,12.59363096,10.21019471,11.26358904,1439.8817790751436,6427.247182263189
126,"Cabo Verde",0.9739662240966888,0.6545768848399539,0.6720734956153592,76.197,69.526,13.00302,12.41752,6.025999125,6.573896076,5452.9906479510455,8573.226368897505
127,"Guatemala",0.9408023574909885,0.6387612437416272,0.678953702289958,77.151,71.382,10.60754,10.89782,6.55726,6.68453,5450.890266205334,11629.200432786105
128,"Nicaragua",1.0116483043853537,0.663132625036764,0.6554971941950348,77.982,70.944,12.58334892,12.05257108,7.18,6.62,4655.592013507525,5929.936054527741
129,"Bhutan",0.9207884717094357,0.6256728389099055,0.6794968205328955,72.176,71.405,13.46645,12.75028,3.25487,4.79342,8117.425112566683,13069.455203925589
130," mibia",1.0074694396634725,0.6475920209051799,0.6427907342990936,66.516,60.685,12.72877592,12.538,7.33,6.686,8481.910046324589,10287.011618241213
131,"India",0.820249849906372,0.5731806392673903,0.6987878624212079,70.95,68.464,12.63835,11.73363,5.402907118,8.717657279,2330.548965189669,10702.271240626238
132,"Honduras",0.9782329745382843,0.6247172448363683,0.6386180604177939,77.551,72.96,10.49096,9.64128,6.58037,6.51738,4172.7351092112085,6446.06575066338
133,"Bangladesh",0.9040424485079425,0.5962269703497778,0.6595121405347811,74.595,70.877,11.97632,11.23635,5.66014,6.94926,2873.3331964878203,7030.603912802952
134,"Kiribati",,,,72.342,64.248,12.193886,11.4101,,,,
135,"Sao Tome and Principe",0.9061817327646717,0.5896476200313234,0.65069466610452,72.814,67.98,12.79504,12.5793,5.75599999,7.147438095,2462.347011354873,5439.389163284444
136,"Micronesia (Federated States of)",,,,69.596,66.232,,,,,,
137,"Lao People's Democratic Republic",0.9272958520115007,0.589351761265136,0.6355595789485173,69.746,66.142,10.67783,11.29005,4.876,5.728,5800.89883286004,9012.951084760241
138,"Eswatini (Kingdom of)",0.9961132764441478,0.6086930803704669,0.6110681332783103,64.845,56.007,11.80466576,11.88145924,6.3395,7.1562,7011.290620386142,8863.203451831794
138,"Gha ",0.9109915648306125,0.5817628176089469,0.6386039564670595,65.177,62.991,11.37626,11.58548,6.586,8.094,4073.323557288521,6432.383646059419
140,"Vanuatu",,,,72.154,68.985,11.4893916,11.9784284,,,2406.473211020997,3783.861357725856
141,"Timor-Leste",0.9421233539451456,0.5866635569489179,0.6227035499038016,71.635,67.492,12.20868199,13.02351401,3.772852818,5.628217374,4486.467060506549,4395.4263039822745
142,"Nepal",0.9330560412052775,0.5813005109276849,0.6230070705900885,72.208,69.259,12.95195,12.55864,4.34,5.766,2910.3344247483415,4108.391532345192
143,"Kenya",0.9369174631602027,0.5809095096352483,0.6200220750244668,69.049,64.313,10.96395329,11.7148739,5.958,7.19,3665.5203406435126,4829.016254797734
144,"Cambodia",0.9220299894870252,0.5699984425937561,0.6181994610727107,71.909,67.538,11.00490454,11.93053546,4.232,5.784,3696.9465299984354,4822.150940034135
145,"Equatorial Guinea",,,,59.918,57.743,,,4.194548476,7.627197168,9949.425182528257,17135.131709982084
146,"Zambia",0.9582216057295521,0.5686332341214099,0.5934256029308325,66.891,60.848,10.68659316,11.60308777,6.28305,8.175592,3379.5486591531676,3270.4217190716495
147,"Myanmar",0.9537085156338573,0.564455556447436,0.5918533254075911,70.119,64.046,10.86946,10.46915,5.0424,4.8644,3174.166786321113,6881.05459096349
148,"Angola",0.9029466186297173,0.5517554932674117,0.611061032716129,64.039,58.416,11.0225,12.6868,4.0227,6.3593,5205.048602894426,7022.2310437333845
149,"Congo",0.9287048686764577,0.5552743030084399,0.5979017896178236,66.023,63.082,11.56237302,11.89086698,6.141,7.465,2499.84489892729,3259.3541022037284
150,"Zimbabwe",0.9314420323434203,0.5499146292708216,0.5903906095876823,62.899,59.798,10.45338009,11.48408391,8.06557,8.923,2374.612206777153,2984.8964398326293
151,"Solomon Islands",,,,74.866,71.3,9.738628668,10.7022,,,1974.2861696347181,2523.11211204423
151,"Syrian Arab Republic",0.8286868100101272,0.4916543958751668,0.5932933768659336,78.103,67.941,8.8955,8.8047,4.6297,5.6,988.6538926856766,6225.4964702238985
153,"Cameroon",0.8640198431210152,0.5214027138081596,0.6034615037598524,60.561,58.029,11.33539,12.8645,4.727346098,8.02019269,2972.6268320164904,4189.015572365627
154,"Pakistan",0.744749566275391,0.45595493714862756,0.6122258512065062,68.287,66.337,7.57943,8.92168,3.83113,6.25061,1392.5472468310693,8412.34548050613
155,"Papua New Guinea",,,,65.82,63.271,,,3.96,5.334,3766.674789513906,4813.584372602988
156,"Comoros",0.8905960923414845,0.5192870752176141,0.5830780975608659,66.121,62.587,11.11569,11.37371,3.953311349,6.031009312,2300.09293230824,3884.776747973591
157,"Mauritania",0.8636573931763872,0.5003190762084401,0.5793027190658906,66.515,63.305,8.68831,8.49206,3.804,5.626,2782.2354155599637,7468.279515137997
158,"Benin",0.8546001196430981,0.5017452145866742,0.5871110979907366,63.324,60.201,11.44209,13.7636,2.404785377,5.508296487,2836.8483423827693,3672.9634904527084
159,"Uganda",0.8633949306193381,0.5026065551051625,0.5821282211428185,65.622,61.0,10.595327,12.23,4.906530103,7.628390188,1591.2298194837185,2671.2954402814726
160,"Rwanda",0.9454102954543157,0.5277554864341749,0.5582290450735601,71.132,66.821,11.17684,11.1992,3.994523414,4.912294902,1876.2414529833088,2444.0848520751833
161,"Nigeria",0.8810698076589418,0.50431009393391,0.5723838106243747,55.619,53.789,9.365384,10.58,5.651586317,7.688735369,4107.1239952226615,5691.998164968071
162,"CÃ´te d'Ivoire",0.8111943946910217,0.47571425662284494,0.5864368143273982,59.119,56.593,9.04877,10.86036,4.162,6.36,2561.0164073048395,7531.3838594375175
163,"Tanzania (United Republic of)",0.9476449549506841,0.5136897082717468,0.5420697969087794,67.233,63.643,8.1607,8.03719,5.814,6.432,2221.9731387776696,2978.297848286259
164,"Madagascar",0.9522209627016218,0.5134199653599592,0.5391815402837746,68.682,65.417,10.19261,10.15767,6.3755,5.8245,1273.3032851466785,1920.7821338497715
165,"Lesotho",1.0135592906778066,0.5287840318702918,0.5217100141390577,57.58,51.201,11.73844264,10.89275629,7.183024562,5.822733715,2470.8226891385975,3849.4756227614403
166,"Djibouti",,,,69.357,65.116,6.70283,6.8796,,,4150.927968677549,7076.505286037067
167,"Togo",0.8215416267978626,0.46380890590743784,0.5645592271632468,61.918,60.152,11.50806,13.81562,3.472554123,6.701313617,1220.0064381467896,1988.5975038311128
168,"Senegal",0.8695316488787947,0.474531286806155,0.5457320471520877,69.918,65.757,8.93778,8.24123,1.867303,4.621501,2270.997245709082,4400.50047084438
169,"Afghanistan",0.6594916704736334,0.3912708946005832,0.5932916397861104,66.388,63.382,7.71427,12.521,1.948,6.006,819.3853416049662,3565.8646043828217
170,"Haiti",0.8753442200351949,0.47261754302692344,0.5399219326631539,66.182,61.831,9.00792,10.39208,4.2837,6.5996,1409.8369407073963,2015.7367590672907
170,"Sudan",0.8597259532372106,0.4659083616490181,0.5419265986965819,67.187,63.467,7.7274,8.25,3.344,4.19,1981.0883814733154,5679.4563299839365
172,"Gambia",0.8457424056234779,0.4479811543846281,0.5296898339328016,63.481,60.656,9.977057219,9.845980781,3.3,4.614,1145.465344964636,3206.9572385377933
173,"Ethiopia",0.8370893819252069,0.44151371007378976,0.5274391476073442,68.536,64.694,8.311978753,9.314057862,1.697824476,4.321076749,1641.730092818146,2770.74142270162
174,"Malawi",0.9863801669728139,0.49279518845201853,0.49959965229674036,67.413,61.101,11.15548291,11.32833709,6.882,5.24,838.2517662607926,1236.624930549983
175,"Congo (Democratic Republic of the)",0.8452424284084028,0.43915158851679253,0.5195569623069182,62.233,59.147,8.642716048,10.81665729,5.27478,8.37484,907.343645451608,1218.2882299147398
175,"Guinea-Bissau",,,,60.213,56.305,,,,,1647.004898215861,2361.137932681956
175,"Liberia",0.8895810871752505,0.45321832382057364,0.5094738752368373,65.497,62.715,9.163967352,10.40307865,3.458,6.164,1241.9074720591523,1274.7488885706887
178,"Guinea",0.8169305026331489,0.4282600520103709,0.5242307033829602,62.117,60.855,8.01100272,10.80600728,1.525466735,4.233810142,2266.2835472338847,2553.970590508366
179,"Yemen",0.4882387359737357,0.2698937354190031,0.5527905009026604,67.826,64.443,7.367276023,10.24623598,2.88,5.146,186.0413717922927,2980.035053790799
180,"Eritrea",,,,68.555,64.153,4.5724674,5.4381,,,2275.1462209114543,3309.363142976076
181,"Mozambique",0.9120910345647356,0.43458518869082613,0.47647128655114684,63.671,57.782,9.48581,10.46825,2.70461455,4.495430225,1131.0177679664657,1376.872599499679
182,"Burki  Faso",0.866707792642374,0.41789465986417834,0.4821632658800986,62.294,60.739,9.10409,9.44096,1.07,2.256279557,1540.6685410480106,2726.7504897852873
182,"Sierra Leone",0.8837898786367756,0.4232746336298561,0.4789312978812871,55.495,53.853,9.73176,10.6201,2.93,4.478,1469.5467408438537,1866.9818161508801
184,"Mali",0.8208006765016004,0.3879609967972162,0.4726616435682966,60.085,58.529,6.79713,8.10899,1.7135,2.9924,1515.6838710769453,3019.486344738663
185,"Burundi",0.9992879461631564,0.4321400853241757,0.4324480115900638,63.377,59.764,11.03825,11.10496,2.60793306,4.051710297,865.8990801719339,640.1050840786829
185,"South Sudan",0.841802349059058,0.3836994769595396,0.45580708748131626,59.383,56.351,3.5486,5.8827,3.938685909,5.207697051,1758.7567781703344,2247.397498149991
187,"Chad",0.7640906759116226,0.3419676259211945,0.4475484869818614,55.669,52.835,5.89018,8.80852,1.266126918,3.846580001,1243.6526923323556,1868.106231037075
188,"Central African Republic",0.8014200062842962,0.35122930106094175,0.43825871366673425,55.514,51.081,6.194228836,8.942491164,3.024,5.582,792.24423367295,1197.2931023896508
189,"Niger",0.7237463246819136,0.320846368574092,0.4433132958776736,63.621,61.281,5.73112,7.1716,1.39995223,2.813112943,535.9678885796807,1859.1196558543893
,"Very high human development",0.9808734806675253,0.8861593245385895,0.9034389674145549,82.44662828485393,76.75729491176392,16.63364863319171,15.98099182310477,12.04044294515953,12.21610671502015,33667.90369563738,55719.75446714106
,"High human development",0.9608315208003145,0.7361253859608956,0.7661336769507183,77.96630868001007,72.81315324287601,14.112009742157943,13.878597287593333,8.17644093094697,8.663574937993902,10528.518668946135,17912.431780592196
,"Medium human development",0.835137826743544,0.567034178136794,0.6789707758153314,70.82605837224197,67.87974960596549,11.701263996963432,11.41656419778177,5.32311538427954,8.05897813493439,2529.9944120187984,9597.514833574858
,"Low human development",0.8606517329400492,0.47383218729923166,0.5505504365634475,63.032202425982454,59.85845626771889,8.74153569531348,10.088472806692469,3.9462295710018984,5.960162340460887,2042.752923684652,3445.919943528871
,"Developing countries",0.919134397760747,0.658602758499649,0.7165467423525642,73.39721175548777,69.28709739300439,12.195626636214424,12.280386186201255,6.94085170430536,8.306877227346813,6923.24535077734,14135.783274111407
,"Arab States",0.855987652069297,0.6359810011815583,0.7429791769123232,73.93067129385173,70.39732945388815,11.86500497117919,12.350545253000181,6.5402028132258785,8.073920232747529,5092.455083030244,23922.869061726626
,"East Asia and the Pacific",0.9611148455215229,0.7308124042345286,0.7603798938699913,77.99508895620833,73.06974749395123,13.676671130370973,13.599878836040558,7.742969739700261,8.387615284460551,11485.461962756603,17826.59536507617
,"Europe and Central Asia",0.9533434041432015,0.7683100772443348,0.8059111479717408,77.70657184882461,71.05840800239199,14.47727198096902,14.81218331205339,9.946680348585929,10.711261145863613,12372.86486726316,23800.989086541624
,"Latin America and the Caribbean",0.978408542362676,0.755195611844345,0.7718612206928276,78.73254956270779,72.43865203670738,14.957653525055541,14.26401352938178,8.74263087627298,8.697060324915121,10707.90836905132,19045.921903424343
,"South Asia",0.8243963727023211,0.5701203181581278,0.6915609251036708,71.31501937967774,68.69489531758848,11.883890297409847,11.497264559019584,5.531204111253628,8.369956162857427,2392.8344865912172,10416.078462157571
,"Sub-Saharan Africa",0.894041928912734,0.5162900166792213,0.5774785275530578,63.32024551022276,59.773468092533584,9.526366269060967,10.559284318794688,4.938155877386163,6.70997840072739,2936.585934956621,4433.502297892086
,"World",0.943091974224536,0.714298184949593,0.7574003432029301,75.03578783107818,70.57302288507294,12.717887124645468,12.703420596473283,8.10929814903703,9.16169692977203,12063.452838225301,21323.362153896982
